Workbook

Sheet General
A1: #VALUE!
A5: Grupo: | C5: 2A | D5: Ponderaciones
A6: Asignatura: | C6: HABILIDADES SOCIALES | D6: Asistencia | E6: Actividades | F6: Evidencias | G6: Producto | H6: Examen
A7: Docente: | C7: EVANGELINA REYES AYALA | D7: 0 | E7: 0.2 | F7: 0.2 | G7: 0.3 | H7: 0.3
A9: No. | B9: Matrícula | C9: Nombre | D9: Parcial 1 | E9: Parcial 2 | F9: Parcial 3 | G9: Promedio | H9: Asistencia | I9: Exentos | J9: Calif Ordinario | K9: Ordinario | L9: Extraordinario
A10: 1 | D10: =IF(Parcial_1!BI9="","",Parcial_1!BI9) -> 0 | E10: =IF(Parcial_2!BI9="","",Parcial_2!BI9) -> 0 | F10: =IF(Parcial_3!BI9="","",Parcial_3!BI9) -> 0 | G10: =IFERROR(AVERAGE(D10:F10),"") -> 0 | H10: =IF(ISERROR((COUNTIF(Parcial_1!D9:Y9,1)+COUNTIF(Parcial_2!D9:Y9,1)+COUNTIF(Parcial_3!D9:Y9,1))/ (COUNTIF(Parcial_1!D9:Y9,1)+COUNTIF(Parcial_2!D9:Y9,1)+COUNTIF(Parcial_3!D9:Y9,1)+ COUNTIF(Parcial_1!D9:Y9,0)+COUNTIF(Parcial_2!D9:Y9,0)+COUNTIF(Parcial_3!D9:Y9,0))), "", (COUNTIF(Parcial_1!D9:Y9,1)+COUNTIF(Parcial_2!D9:Y9,1)+COUNTIF(Parcial_3!D9:Y9,1))/ (COUNTIF(Parcial_1!D9:Y9,1)+COUNTIF(Parcial_2!D9:Y9,1)+COUNTIF(Parcial_3!D9:Y9,1)+ COUNTIF(Parcial_1!D9:Y9,0)+COUNTIF(Parcial_2!D9:Y9,0)+COUNTIF(Parcial_3!D9:Y9,0))) | I10: =IF(C10="","",IF(OR(G10="",G10<=8.499999999),"Ord A",ROUND(G10,0))) | K10: =IF(I10="Ord A", IFERROR(IF((AVERAGE(D10:F10)*0.5 + J10*0.5)<6, "EXTRA", AVERAGE(D10:F10)*0.5 + J10*0.5), "EXTRA"), "")
A11: 2 | D11: =IF(Parcial_1!BI10="","",Parcial_1!BI10) -> 0 | E11: =IF(Parcial_2!BI10="","",Parcial_2!BI10) -> 0 | F11: =IF(Parcial_3!BI10="","",Parcial_3!BI10) -> 0 | G11: =IFERROR(AVERAGE(D11:F11),"") -> 0 | H11: =IF(ISERROR((COUNTIF(Parcial_1!D10:Y10,1)+COUNTIF(Parcial_2!D10:Y10,1)+COUNTIF(Parcial_3!D10:Y10,1))/ (COUNTIF(Parcial_1!D10:Y10,1)+COUNTIF(Parcial_2!D10:Y10,1)+COUNTIF(Parcial_3!D10:Y10,1)+ COUNTIF(Parcial_1!D10:Y10,0)+COUNTIF(Parcial_2!D10:Y10,0)+COUNTIF(Parcial_3!D10:Y10,0))), "", (COUNTIF(Parcial_1!D10:Y10,1)+COUNTIF(Parcial_2!D10:Y10,1)+COUNTIF(Parcial_3!D10:Y10,1))/ (COUNTIF(Parcial_1!D10:Y10,1)+COUNTIF(Parcial_2!D10:Y10,1)+COUNTIF(Parcial_3!D10:Y10,1)+ COUNTIF(Parcial_1!D10:Y10,0)+COUNTIF(Parcial_2!D10:Y10,0)+COUNTIF(Parcial_3!D10:Y10,0))) | I11: =IF(C11="","",IF(OR(G11="",G11<=8.499999999),"Ord A",ROUND(G11,0))) | K11: =IF(I11="Ord A", IFERROR(IF((AVERAGE(D11:F11)*0.5 + J11*0.5)<6, "EXTRA", AVERAGE(D11:F11)*0.5 + J11*0.5), "EXTRA"), "")
A12: 3 | D12: =IF(Parcial_1!BI11="","",Parcial_1!BI11) -> 0 | E12: =IF(Parcial_2!BI11="","",Parcial_2!BI11) -> 0 | F12: =IF(Parcial_3!BI11="","",Parcial_3!BI11) -> 0 | G12: =IFERROR(AVERAGE(D12:F12),"") -> 0 | H12: =IF(ISERROR((COUNTIF(Parcial_1!D11:Y11,1)+COUNTIF(Parcial_2!D11:Y11,1)+COUNTIF(Parcial_3!D11:Y11,1))/ (COUNTIF(Parcial_1!D11:Y11,1)+COUNTIF(Parcial_2!D11:Y11,1)+COUNTIF(Parcial_3!D11:Y11,1)+ COUNTIF(Parcial_1!D11:Y11,0)+COUNTIF(Parcial_2!D11:Y11,0)+COUNTIF(Parcial_3!D11:Y11,0))), "", (COUNTIF(Parcial_1!D11:Y11,1)+COUNTIF(Parcial_2!D11:Y11,1)+COUNTIF(Parcial_3!D11:Y11,1))/ (COUNTIF(Parcial_1!D11:Y11,1)+COUNTIF(Parcial_2!D11:Y11,1)+COUNTIF(Parcial_3!D11:Y11,1)+ COUNTIF(Parcial_1!D11:Y11,0)+COUNTIF(Parcial_2!D11:Y11,0)+COUNTIF(Parcial_3!D11:Y11,0))) | I12: =IF(C12="","",IF(OR(G12="",G12<=8.499999999),"Ord A",ROUND(G12,0))) | K12: =IF(I12="Ord A", IFERROR(IF((AVERAGE(D12:F12)*0.5 + J12*0.5)<6, "EXTRA", AVERAGE(D12:F12)*0.5 + J12*0.5), "EXTRA"), "")
A13: 4 | D13: =IF(Parcial_1!BI12="","",Parcial_1!BI12) -> 0 | E13: =IF(Parcial_2!BI12="","",Parcial_2!BI12) -> 0 | F13: =IF(Parcial_3!BI12="","",Parcial_3!BI12) -> 0 | G13: =IFERROR(AVERAGE(D13:F13),"") -> 0 | H13: =IF(ISERROR((COUNTIF(Parcial_1!D12:Y12,1)+COUNTIF(Parcial_2!D12:Y12,1)+COUNTIF(Parcial_3!D12:Y12,1))/ (COUNTIF(Parcial_1!D12:Y12,1)+COUNTIF(Parcial_2!D12:Y12,1)+COUNTIF(Parcial_3!D12:Y12,1)+ COUNTIF(Parcial_1!D12:Y12,0)+COUNTIF(Parcial_2!D12:Y12,0)+COUNTIF(Parcial_3!D12:Y12,0))), "", (COUNTIF(Parcial_1!D12:Y12,1)+COUNTIF(Parcial_2!D12:Y12,1)+COUNTIF(Parcial_3!D12:Y12,1))/ (COUNTIF(Parcial_1!D12:Y12,1)+COUNTIF(Parcial_2!D12:Y12,1)+COUNTIF(Parcial_3!D12:Y12,1)+ COUNTIF(Parcial_1!D12:Y12,0)+COUNTIF(Parcial_2!D12:Y12,0)+COUNTIF(Parcial_3!D12:Y12,0))) | I13: =IF(C13="","",IF(OR(G13="",G13<=8.499999999),"Ord A",ROUND(G13,0))) | K13: =IF(I13="Ord A", IFERROR(IF((AVERAGE(D13:F13)*0.5 + J13*0.5)<6, "EXTRA", AVERAGE(D13:F13)*0.5 + J13*0.5), "EXTRA"), "")
A14: 5 | D14: =IF(Parcial_1!BI13="","",Parcial_1!BI13) -> 0 | E14: =IF(Parcial_2!BI13="","",Parcial_2!BI13) -> 0 | F14: =IF(Parcial_3!BI13="","",Parcial_3!BI13) -> 0 | G14: =IFERROR(AVERAGE(D14:F14),"") -> 0 | H14: =IF(ISERROR((COUNTIF(Parcial_1!D13:Y13,1)+COUNTIF(Parcial_2!D13:Y13,1)+COUNTIF(Parcial_3!D13:Y13,1))/ (COUNTIF(Parcial_1!D13:Y13,1)+COUNTIF(Parcial_2!D13:Y13,1)+COUNTIF(Parcial_3!D13:Y13,1)+ COUNTIF(Parcial_1!D13:Y13,0)+COUNTIF(Parcial_2!D13:Y13,0)+COUNTIF(Parcial_3!D13:Y13,0))), "", (COUNTIF(Parcial_1!D13:Y13,1)+COUNTIF(Parcial_2!D13:Y13,1)+COUNTIF(Parcial_3!D13:Y13,1))/ (COUNTIF(Parcial_1!D13:Y13,1)+COUNTIF(Parcial_2!D13:Y13,1)+COUNTIF(Parcial_3!D13:Y13,1)+ COUNTIF(Parcial_1!D13:Y13,0)+COUNTIF(Parcial_2!D13:Y13,0)+COUNTIF(Parcial_3!D13:Y13,0))) | I14: =IF(C14="","",IF(OR(G14="",G14<=8.499999999),"Ord A",ROUND(G14,0))) | K14: =IF(I14="Ord A", IFERROR(IF((AVERAGE(D14:F14)*0.5 + J14*0.5)<6, "EXTRA", AVERAGE(D14:F14)*0.5 + J14*0.5), "EXTRA"), "")
A15: 6 | D15: =IF(Parcial_1!BI14="","",Parcial_1!BI14) -> 0 | E15: =IF(Parcial_2!BI14="","",Parcial_2!BI14) -> 0 | F15: =IF(Parcial_3!BI14="","",Parcial_3!BI14) -> 0 | G15: =IFERROR(AVERAGE(D15:F15),"") -> 0 | H15: =IF(ISERROR((COUNTIF(Parcial_1!D14:Y14,1)+COUNTIF(Parcial_2!D14:Y14,1)+COUNTIF(Parcial_3!D14:Y14,1))/ (COUNTIF(Parcial_1!D14:Y14,1)+COUNTIF(Parcial_2!D14:Y14,1)+COUNTIF(Parcial_3!D14:Y14,1)+ COUNTIF(Parcial_1!D14:Y14,0)+COUNTIF(Parcial_2!D14:Y14,0)+COUNTIF(Parcial_3!D14:Y14,0))), "", (COUNTIF(Parcial_1!D14:Y14,1)+COUNTIF(Parcial_2!D14:Y14,1)+COUNTIF(Parcial_3!D14:Y14,1))/ (COUNTIF(Parcial_1!D14:Y14,1)+COUNTIF(Parcial_2!D14:Y14,1)+COUNTIF(Parcial_3!D14:Y14,1)+ COUNTIF(Parcial_1!D14:Y14,0)+COUNTIF(Parcial_2!D14:Y14,0)+COUNTIF(Parcial_3!D14:Y14,0))) | I15: =IF(C15="","",IF(OR(G15="",G15<=8.499999999),"Ord A",ROUND(G15,0))) | K15: =IF(I15="Ord A", IFERROR(IF((AVERAGE(D15:F15)*0.5 + J15*0.5)<6, "EXTRA", AVERAGE(D15:F15)*0.5 + J15*0.5), "EXTRA"), "")
A16: 7 | D16: =IF(Parcial_1!BI15="","",Parcial_1!BI15) -> 0 | E16: =IF(Parcial_2!BI15="","",Parcial_2!BI15) -> 0 | F16: =IF(Parcial_3!BI15="","",Parcial_3!BI15) -> 0 | G16: =IFERROR(AVERAGE(D16:F16),"") -> 0 | H16: =IF(ISERROR((COUNTIF(Parcial_1!D15:Y15,1)+COUNTIF(Parcial_2!D15:Y15,1)+COUNTIF(Parcial_3!D15:Y15,1))/ (COUNTIF(Parcial_1!D15:Y15,1)+COUNTIF(Parcial_2!D15:Y15,1)+COUNTIF(Parcial_3!D15:Y15,1)+ COUNTIF(Parcial_1!D15:Y15,0)+COUNTIF(Parcial_2!D15:Y15,0)+COUNTIF(Parcial_3!D15:Y15,0))), "", (COUNTIF(Parcial_1!D15:Y15,1)+COUNTIF(Parcial_2!D15:Y15,1)+COUNTIF(Parcial_3!D15:Y15,1))/ (COUNTIF(Parcial_1!D15:Y15,1)+COUNTIF(Parcial_2!D15:Y15,1)+COUNTIF(Parcial_3!D15:Y15,1)+ COUNTIF(Parcial_1!D15:Y15,0)+COUNTIF(Parcial_2!D15:Y15,0)+COUNTIF(Parcial_3!D15:Y15,0))) | I16: =IF(C16="","",IF(OR(G16="",G16<=8.499999999),"Ord A",ROUND(G16,0))) | K16: =IF(I16="Ord A", IFERROR(IF((AVERAGE(D16:F16)*0.5 + J16*0.5)<6, "EXTRA", AVERAGE(D16:F16)*0.5 + J16*0.5), "EXTRA"), "")
A17: 8 | D17: =IF(Parcial_1!BI16="","",Parcial_1!BI16) -> 0 | E17: =IF(Parcial_2!BI16="","",Parcial_2!BI16) -> 0 | F17: =IF(Parcial_3!BI16="","",Parcial_3!BI16) -> 0 | G17: =IFERROR(AVERAGE(D17:F17),"") -> 0 | H17: =IF(ISERROR((COUNTIF(Parcial_1!D16:Y16,1)+COUNTIF(Parcial_2!D16:Y16,1)+COUNTIF(Parcial_3!D16:Y16,1))/ (COUNTIF(Parcial_1!D16:Y16,1)+COUNTIF(Parcial_2!D16:Y16,1)+COUNTIF(Parcial_3!D16:Y16,1)+ COUNTIF(Parcial_1!D16:Y16,0)+COUNTIF(Parcial_2!D16:Y16,0)+COUNTIF(Parcial_3!D16:Y16,0))), "", (COUNTIF(Parcial_1!D16:Y16,1)+COUNTIF(Parcial_2!D16:Y16,1)+COUNTIF(Parcial_3!D16:Y16,1))/ (COUNTIF(Parcial_1!D16:Y16,1)+COUNTIF(Parcial_2!D16:Y16,1)+COUNTIF(Parcial_3!D16:Y16,1)+ COUNTIF(Parcial_1!D16:Y16,0)+COUNTIF(Parcial_2!D16:Y16,0)+COUNTIF(Parcial_3!D16:Y16,0))) | I17: =IF(C17="","",IF(OR(G17="",G17<=8.499999999),"Ord A",ROUND(G17,0))) | K17: =IF(I17="Ord A", IFERROR(IF((AVERAGE(D17:F17)*0.5 + J17*0.5)<6, "EXTRA", AVERAGE(D17:F17)*0.5 + J17*0.5), "EXTRA"), "")
A18: 9 | D18: =IF(Parcial_1!BI17="","",Parcial_1!BI17) -> 0 | E18: =IF(Parcial_2!BI17="","",Parcial_2!BI17) -> 0 | F18: =IF(Parcial_3!BI17="","",Parcial_3!BI17) -> 0 | G18: =IFERROR(AVERAGE(D18:F18),"") -> 0 | H18: =IF(ISERROR((COUNTIF(Parcial_1!D17:Y17,1)+COUNTIF(Parcial_2!D17:Y17,1)+COUNTIF(Parcial_3!D17:Y17,1))/ (COUNTIF(Parcial_1!D17:Y17,1)+COUNTIF(Parcial_2!D17:Y17,1)+COUNTIF(Parcial_3!D17:Y17,1)+ COUNTIF(Parcial_1!D17:Y17,0)+COUNTIF(Parcial_2!D17:Y17,0)+COUNTIF(Parcial_3!D17:Y17,0))), "", (COUNTIF(Parcial_1!D17:Y17,1)+COUNTIF(Parcial_2!D17:Y17,1)+COUNTIF(Parcial_3!D17:Y17,1))/ (COUNTIF(Parcial_1!D17:Y17,1)+COUNTIF(Parcial_2!D17:Y17,1)+COUNTIF(Parcial_3!D17:Y17,1)+ COUNTIF(Parcial_1!D17:Y17,0)+COUNTIF(Parcial_2!D17:Y17,0)+COUNTIF(Parcial_3!D17:Y17,0))) | I18: =IF(C18="","",IF(OR(G18="",G18<=8.499999999),"Ord A",ROUND(G18,0))) | K18: =IF(I18="Ord A", IFERROR(IF((AVERAGE(D18:F18)*0.5 + J18*0.5)<6, "EXTRA", AVERAGE(D18:F18)*0.5 + J18*0.5), "EXTRA"), "")
A19: 10 | D19: =IF(Parcial_1!BI18="","",Parcial_1!BI18) -> 0 | E19: =IF(Parcial_2!BI18="","",Parcial_2!BI18) -> 0 | F19: =IF(Parcial_3!BI18="","",Parcial_3!BI18) -> 0 | G19: =IFERROR(AVERAGE(D19:F19),"") -> 0 | H19: =IF(ISERROR((COUNTIF(Parcial_1!D18:Y18,1)+COUNTIF(Parcial_2!D18:Y18,1)+COUNTIF(Parcial_3!D18:Y18,1))/ (COUNTIF(Parcial_1!D18:Y18,1)+COUNTIF(Parcial_2!D18:Y18,1)+COUNTIF(Parcial_3!D18:Y18,1)+ COUNTIF(Parcial_1!D18:Y18,0)+COUNTIF(Parcial_2!D18:Y18,0)+COUNTIF(Parcial_3!D18:Y18,0))), "", (COUNTIF(Parcial_1!D18:Y18,1)+COUNTIF(Parcial_2!D18:Y18,1)+COUNTIF(Parcial_3!D18:Y18,1))/ (COUNTIF(Parcial_1!D18:Y18,1)+COUNTIF(Parcial_2!D18:Y18,1)+COUNTIF(Parcial_3!D18:Y18,1)+ COUNTIF(Parcial_1!D18:Y18,0)+COUNTIF(Parcial_2!D18:Y18,0)+COUNTIF(Parcial_3!D18:Y18,0))) | I19: =IF(C19="","",IF(OR(G19="",G19<=8.499999999),"Ord A",ROUND(G19,0))) | K19: =IF(I19="Ord A", IFERROR(IF((AVERAGE(D19:F19)*0.5 + J19*0.5)<6, "EXTRA", AVERAGE(D19:F19)*0.5 + J19*0.5), "EXTRA"), "")
A20: 11 | D20: =IF(Parcial_1!BI19="","",Parcial_1!BI19) -> 0 | E20: =IF(Parcial_2!BI19="","",Parcial_2!BI19) -> 0 | F20: =IF(Parcial_3!BI19="","",Parcial_3!BI19) -> 0 | G20: =IFERROR(AVERAGE(D20:F20),"") -> 0 | H20: =IF(ISERROR((COUNTIF(Parcial_1!D19:Y19,1)+COUNTIF(Parcial_2!D19:Y19,1)+COUNTIF(Parcial_3!D19:Y19,1))/ (COUNTIF(Parcial_1!D19:Y19,1)+COUNTIF(Parcial_2!D19:Y19,1)+COUNTIF(Parcial_3!D19:Y19,1)+ COUNTIF(Parcial_1!D19:Y19,0)+COUNTIF(Parcial_2!D19:Y19,0)+COUNTIF(Parcial_3!D19:Y19,0))), "", (COUNTIF(Parcial_1!D19:Y19,1)+COUNTIF(Parcial_2!D19:Y19,1)+COUNTIF(Parcial_3!D19:Y19,1))/ (COUNTIF(Parcial_1!D19:Y19,1)+COUNTIF(Parcial_2!D19:Y19,1)+COUNTIF(Parcial_3!D19:Y19,1)+ COUNTIF(Parcial_1!D19:Y19,0)+COUNTIF(Parcial_2!D19:Y19,0)+COUNTIF(Parcial_3!D19:Y19,0))) | I20: =IF(C20="","",IF(OR(G20="",G20<=8.499999999),"Ord A",ROUND(G20,0))) | K20: =IF(I20="Ord A", IFERROR(IF((AVERAGE(D20:F20)*0.5 + J20*0.5)<6, "EXTRA", AVERAGE(D20:F20)*0.5 + J20*0.5), "EXTRA"), "")
A21: 12 | D21: =IF(Parcial_1!BI20="","",Parcial_1!BI20) -> 0 | E21: =IF(Parcial_2!BI20="","",Parcial_2!BI20) -> 0 | F21: =IF(Parcial_3!BI20="","",Parcial_3!BI20) -> 0 | G21: =IFERROR(AVERAGE(D21:F21),"") -> 0 | H21: =IF(ISERROR((COUNTIF(Parcial_1!D20:Y20,1)+COUNTIF(Parcial_2!D20:Y20,1)+COUNTIF(Parcial_3!D20:Y20,1))/ (COUNTIF(Parcial_1!D20:Y20,1)+COUNTIF(Parcial_2!D20:Y20,1)+COUNTIF(Parcial_3!D20:Y20,1)+ COUNTIF(Parcial_1!D20:Y20,0)+COUNTIF(Parcial_2!D20:Y20,0)+COUNTIF(Parcial_3!D20:Y20,0))), "", (COUNTIF(Parcial_1!D20:Y20,1)+COUNTIF(Parcial_2!D20:Y20,1)+COUNTIF(Parcial_3!D20:Y20,1))/ (COUNTIF(Parcial_1!D20:Y20,1)+COUNTIF(Parcial_2!D20:Y20,1)+COUNTIF(Parcial_3!D20:Y20,1)+ COUNTIF(Parcial_1!D20:Y20,0)+COUNTIF(Parcial_2!D20:Y20,0)+COUNTIF(Parcial_3!D20:Y20,0))) | I21: =IF(C21="","",IF(OR(G21="",G21<=8.499999999),"Ord A",ROUND(G21,0))) | K21: =IF(I21="Ord A", IFERROR(IF((AVERAGE(D21:F21)*0.5 + J21*0.5)<6, "EXTRA", AVERAGE(D21:F21)*0.5 + J21*0.5), "EXTRA"), "")
... A47: 38 | D47: =IF(Parcial_1!BI46="","",Parcial_1!BI46) -> 0 | E47: =IF(Parcial_2!BI46="","",Parcial_2!BI46) -> 0 | F47: =IF(Parcial_3!BI46="","",Parcial_3!BI46) -> 0 | G47: =IFERROR(AVERAGE(D47:F47),"") -> 0 | H47: =IF(ISERROR((COUNTIF(Parcial_1!D46:Y46,1)+COUNTIF(Parcial_2!D46:Y46,1)+COUNTIF(Parcial_3!D46:Y46,1))/ (COUNTIF(Parcial_1!D46:Y46,1)+COUNTIF(Parcial_2!D46:Y46,1)+COUNTIF(Parcial_3!D46:Y46,1)+ COUNTIF(Parcial_1!D46:Y46,0)+COUNTIF(Parcial_2!D46:Y46,0)+COUNTIF(Parcial_3!D46:Y46,0))), "", (COUNTIF(Parcial_1!D46:Y46,1)+COUNTIF(Parcial_2!D46:Y46,1)+COUNTIF(Parcial_3!D46:Y46,1))/ (COUNTIF(Parcial_1!D46:Y46,1)+COUNTIF(Parcial_2!D46:Y46,1)+COUNTIF(Parcial_3!D46:Y46,1)+ COUNTIF(Parcial_1!D46:Y46,0)+COUNTIF(Parcial_2!D46:Y46,0)+COUNTIF(Parcial_3!D46:Y46,0))) | I47: =IF(C47="","",IF(OR(G47="",G47<=8.499999999),"Ord A",ROUND(G47,0))) | K47: =IF(I47="Ord A", IFERROR(IF((AVERAGE(D47:F47)*0.5 + J47*0.5)<6, "EXTRA", AVERAGE(D47:F47)*0.5 + J47*0.5), "EXTRA"), "")
D48: =IF(Parcial_1!BI47="","",Parcial_1!BI47) -> 0 | E48: =IF(Parcial_2!BI47="","",Parcial_2!BI47) -> 0 | F48: =IF(Parcial_3!BI47="","",Parcial_3!BI47) -> 0 | G48: =IFERROR(AVERAGE(D48:F48),"") -> 0 | H48: =IF(ISERROR((COUNTIF(Parcial_1!D47:Y47,1)+COUNTIF(Parcial_2!D47:Y47,1)+COUNTIF(Parcial_3!D47:Y47,1))/ (COUNTIF(Parcial_1!D47:Y47,1)+COUNTIF(Parcial_2!D47:Y47,1)+COUNTIF(Parcial_3!D47:Y47,1)+ COUNTIF(Parcial_1!D47:Y47,0)+COUNTIF(Parcial_2!D47:Y47,0)+COUNTIF(Parcial_3!D47:Y47,0))), "", (COUNTIF(Parcial_1!D47:Y47,1)+COUNTIF(Parcial_2!D47:Y47,1)+COUNTIF(Parcial_3!D47:Y47,1))/ (COUNTIF(Parcial_1!D47:Y47,1)+COUNTIF(Parcial_2!D47:Y47,1)+COUNTIF(Parcial_3!D47:Y47,1)+ COUNTIF(Parcial_1!D47:Y47,0)+COUNTIF(Parcial_2!D47:Y47,0)+COUNTIF(Parcial_3!D47:Y47,0))) | I48: =IF(C48="","",IF(OR(G48="",G48<=8.499999999),"Ord A",ROUND(G48,0))) | K48: =IF(I48="Ord A", IFERROR(IF((AVERAGE(D48:F48)*0.5 + J48*0.5)<6, "EXTRA", AVERAGE(D48:F48)*0.5 + J48*0.5), "EXTRA"), "")
D49: =IF(Parcial_1!BI48="","",Parcial_1!BI48) -> 0 | E49: =IF(Parcial_2!BI48="","",Parcial_2!BI48) -> 0 | F49: =IF(Parcial_3!BI48="","",Parcial_3!BI48) -> 0 | G49: =IFERROR(AVERAGE(D49:F49),"") -> 0 | H49: =IF(ISERROR((COUNTIF(Parcial_1!D48:Y48,1)+COUNTIF(Parcial_2!D48:Y48,1)+COUNTIF(Parcial_3!D48:Y48,1))/ (COUNTIF(Parcial_1!D48:Y48,1)+COUNTIF(Parcial_2!D48:Y48,1)+COUNTIF(Parcial_3!D48:Y48,1)+ COUNTIF(Parcial_1!D48:Y48,0)+COUNTIF(Parcial_2!D48:Y48,0)+COUNTIF(Parcial_3!D48:Y48,0))), "", (COUNTIF(Parcial_1!D48:Y48,1)+COUNTIF(Parcial_2!D48:Y48,1)+COUNTIF(Parcial_3!D48:Y48,1))/ (COUNTIF(Parcial_1!D48:Y48,1)+COUNTIF(Parcial_2!D48:Y48,1)+COUNTIF(Parcial_3!D48:Y48,1)+ COUNTIF(Parcial_1!D48:Y48,0)+COUNTIF(Parcial_2!D48:Y48,0)+COUNTIF(Parcial_3!D48:Y48,0))) | I49: =IF(C49="","",IF(OR(G49="",G49<=8.499999999),"Ord A",ROUND(G49,0))) | K49: =IF(I49="Ord A", IFERROR(IF((AVERAGE(D49:F49)*0.5 + J49*0.5)<6, "EXTRA", AVERAGE(D49:F49)*0.5 + J49*0.5), "EXTRA"), "")
D50: =IF(Parcial_1!BI49="","",Parcial_1!BI49) -> 0 | E50: =IF(Parcial_2!BI49="","",Parcial_2!BI49) -> 0 | F50: =IF(Parcial_3!BI49="","",Parcial_3!BI49) -> 0 | G50: =IFERROR(AVERAGE(D50:F50),"") -> 0 | H50: =IF(ISERROR((COUNTIF(Parcial_1!D49:Y49,1)+COUNTIF(Parcial_2!D49:Y49,1)+COUNTIF(Parcial_3!D49:Y49,1))/ (COUNTIF(Parcial_1!D49:Y49,1)+COUNTIF(Parcial_2!D49:Y49,1)+COUNTIF(Parcial_3!D49:Y49,1)+ COUNTIF(Parcial_1!D49:Y49,0)+COUNTIF(Parcial_2!D49:Y49,0)+COUNTIF(Parcial_3!D49:Y49,0))), "", (COUNTIF(Parcial_1!D49:Y49,1)+COUNTIF(Parcial_2!D49:Y49,1)+COUNTIF(Parcial_3!D49:Y49,1))/ (COUNTIF(Parcial_1!D49:Y49,1)+COUNTIF(Parcial_2!D49:Y49,1)+COUNTIF(Parcial_3!D49:Y49,1)+ COUNTIF(Parcial_1!D49:Y49,0)+COUNTIF(Parcial_2!D49:Y49,0)+COUNTIF(Parcial_3!D49:Y49,0))) | I50: =IF(C50="","",IF(OR(G50="",G50<=8.499999999),"Ord A",ROUND(G50,0))) | K50: =IF(I50="Ord A", IFERROR(IF((AVERAGE(D50:F50)*0.5 + J50*0.5)<6, "EXTRA", AVERAGE(D50:F50)*0.5 + J50*0.5), "EXTRA"), "")
D51: =IF(Parcial_1!BI50="","",Parcial_1!BI50) -> 0 | E51: =IF(Parcial_2!BI50="","",Parcial_2!BI50) -> 0 | F51: =IF(Parcial_3!BI50="","",Parcial_3!BI50) -> 0 | G51: =IFERROR(AVERAGE(D51:F51),"") -> 0 | H51: =IF(ISERROR((COUNTIF(Parcial_1!D50:Y50,1)+COUNTIF(Parcial_2!D50:Y50,1)+COUNTIF(Parcial_3!D50:Y50,1))/ (COUNTIF(Parcial_1!D50:Y50,1)+COUNTIF(Parcial_2!D50:Y50,1)+COUNTIF(Parcial_3!D50:Y50,1)+ COUNTIF(Parcial_1!D50:Y50,0)+COUNTIF(Parcial_2!D50:Y50,0)+COUNTIF(Parcial_3!D50:Y50,0))), "", (COUNTIF(Parcial_1!D50:Y50,1)+COUNTIF(Parcial_2!D50:Y50,1)+COUNTIF(Parcial_3!D50:Y50,1))/ (COUNTIF(Parcial_1!D50:Y50,1)+COUNTIF(Parcial_2!D50:Y50,1)+COUNTIF(Parcial_3!D50:Y50,1)+ COUNTIF(Parcial_1!D50:Y50,0)+COUNTIF(Parcial_2!D50:Y50,0)+COUNTIF(Parcial_3!D50:Y50,0))) | I51: =IF(C51="","",IF(OR(G51="",G51<=8.499999999),"Ord A",ROUND(G51,0))) | K51: =IF(I51="Ord A", IFERROR(IF((AVERAGE(D51:F51)*0.5 + J51*0.5)<6, "EXTRA", AVERAGE(D51:F51)*0.5 + J51*0.5), "EXTRA"), "")
D52: =IF(Parcial_1!BI51="","",Parcial_1!BI51) -> 0 | E52: =IF(Parcial_2!BI51="","",Parcial_2!BI51) -> 0 | F52: =IF(Parcial_3!BI51="","",Parcial_3!BI51) -> 0 | G52: =IFERROR(AVERAGE(D52:F52),"") -> 0 | H52: =IF(ISERROR((COUNTIF(Parcial_1!D51:Y51,1)+COUNTIF(Parcial_2!D51:Y51,1)+COUNTIF(Parcial_3!D51:Y51,1))/ (COUNTIF(Parcial_1!D51:Y51,1)+COUNTIF(Parcial_2!D51:Y51,1)+COUNTIF(Parcial_3!D51:Y51,1)+ COUNTIF(Parcial_1!D51:Y51,0)+COUNTIF(Parcial_2!D51:Y51,0)+COUNTIF(Parcial_3!D51:Y51,0))), "", (COUNTIF(Parcial_1!D51:Y51,1)+COUNTIF(Parcial_2!D51:Y51,1)+COUNTIF(Parcial_3!D51:Y51,1))/ (COUNTIF(Parcial_1!D51:Y51,1)+COUNTIF(Parcial_2!D51:Y51,1)+COUNTIF(Parcial_3!D51:Y51,1)+ COUNTIF(Parcial_1!D51:Y51,0)+COUNTIF(Parcial_2!D51:Y51,0)+COUNTIF(Parcial_3!D51:Y51,0))) | I52: =IF(C52="","",IF(OR(G52="",G52<=8.499999999),"Ord A",ROUND(G52,0))) | K52: =IF(I52="Ord A", IFERROR(IF((AVERAGE(D52:F52)*0.5 + J52*0.5)<6, "EXTRA", AVERAGE(D52:F52)*0.5 + J52*0.5), "EXTRA"), "")
D53: =IF(Parcial_1!BI52="","",Parcial_1!BI52) -> 0 | E53: =IF(Parcial_2!BI52="","",Parcial_2!BI52) -> 0 | F53: =IF(Parcial_3!BI52="","",Parcial_3!BI52) -> 0 | G53: =IFERROR(AVERAGE(D53:F53),"") -> 0 | H53: =IF(ISERROR((COUNTIF(Parcial_1!D52:Y52,1)+COUNTIF(Parcial_2!D52:Y52,1)+COUNTIF(Parcial_3!D52:Y52,1))/ (COUNTIF(Parcial_1!D52:Y52,1)+COUNTIF(Parcial_2!D52:Y52,1)+COUNTIF(Parcial_3!D52:Y52,1)+ COUNTIF(Parcial_1!D52:Y52,0)+COUNTIF(Parcial_2!D52:Y52,0)+COUNTIF(Parcial_3!D52:Y52,0))), "", (COUNTIF(Parcial_1!D52:Y52,1)+COUNTIF(Parcial_2!D52:Y52,1)+COUNTIF(Parcial_3!D52:Y52,1))/ (COUNTIF(Parcial_1!D52:Y52,1)+COUNTIF(Parcial_2!D52:Y52,1)+COUNTIF(Parcial_3!D52:Y52,1)+ COUNTIF(Parcial_1!D52:Y52,0)+COUNTIF(Parcial_2!D52:Y52,0)+COUNTIF(Parcial_3!D52:Y52,0))) | I53: =IF(C53="","",IF(OR(G53="",G53<=8.499999999),"Ord A",ROUND(G53,0))) | K53: =IF(I53="Ord A", IFERROR(IF((AVERAGE(D53:F53)*0.5 + J53*0.5)<6, "EXTRA", AVERAGE(D53:F53)*0.5 + J53*0.5), "EXTRA"), "")
D54: =IF(Parcial_1!BI53="","",Parcial_1!BI53) -> 0 | E54: =IF(Parcial_2!BI53="","",Parcial_2!BI53) -> 0 | F54: =IF(Parcial_3!BI53="","",Parcial_3!BI53) -> 0 | G54: =IFERROR(AVERAGE(D54:F54),"") -> 0 | H54: =IF(ISERROR((COUNTIF(Parcial_1!D53:Y53,1)+COUNTIF(Parcial_2!D53:Y53,1)+COUNTIF(Parcial_3!D53:Y53,1))/ (COUNTIF(Parcial_1!D53:Y53,1)+COUNTIF(Parcial_2!D53:Y53,1)+COUNTIF(Parcial_3!D53:Y53,1)+ COUNTIF(Parcial_1!D53:Y53,0)+COUNTIF(Parcial_2!D53:Y53,0)+COUNTIF(Parcial_3!D53:Y53,0))), "", (COUNTIF(Parcial_1!D53:Y53,1)+COUNTIF(Parcial_2!D53:Y53,1)+COUNTIF(Parcial_3!D53:Y53,1))/ (COUNTIF(Parcial_1!D53:Y53,1)+COUNTIF(Parcial_2!D53:Y53,1)+COUNTIF(Parcial_3!D53:Y53,1)+ COUNTIF(Parcial_1!D53:Y53,0)+COUNTIF(Parcial_2!D53:Y53,0)+COUNTIF(Parcial_3!D53:Y53,0))) | I54: =IF(C54="","",IF(OR(G54="",G54<=8.499999999),"Ord A",ROUND(G54,0))) | K54: =IF(I54="Ord A", IFERROR(IF((AVERAGE(D54:F54)*0.5 + J54*0.5)<6, "EXTRA", AVERAGE(D54:F54)*0.5 + J54*0.5), "EXTRA"), "")
E57: Exentos | G57: =COUNTIF(I10:I54,">=8.5") -> 0
E59: Ordinarios | G59: =COUNTIF(I10:I54,"Ord A") -> 0
E61: Extraordinarios | G61: =COUNTIF(K10:K54,"Extra") -> 0
E63: NA | G63: =COUNTIF(L10:L54,"NA") -> 0

Sheet Parcial_1
E2: =IF(General!D5="","",General!D5) -> Ponderaciones
A3: =IF(General!A5="","",General!A5) -> Grupo: | C3: =IF(General!C5="","",General!C5) -> 2A | E3: =IF(General!D6="","",General!D6) -> Asistencia | I3: =IF(General!E6="","",General!E6) -> Actividades | M3: =IF(General!F6="","",General!F6) -> Evidencias | Q3: =IF(General!G6="","",General!G6) -> Producto | U3: =IF(General!H6="","",General!H6) -> Examen
A4: =IF(General!A6="","",General!A6) -> Asignatura: | C4: =IF(General!C6="","",General!C6) -> HABILIDADES SOCIALES | E4: =IF(General!D7="","",General!D7) -> 0 | I4: =IF(General!E7="","",General!E7) -> 0.2 | M4: =IF(General!F7="","",General!F7) -> 0.2 | Q4: =IF(General!G7="","",General!G7) -> 0.3 | U4: =IF(General!H7="","",General!H7) -> 0.3
A5: =IF(General!A7="","",General!A7) -> Docente: | C5: =IF(General!C7="","",General!C7) -> EVANGELINA REYES AYALA
A6: No. | B6: Matrícula | C6: Nombre | D6: Asistencia | Z6: Actividades de Aprendizaje | AR6: Evidencias de Aprendizaje | BB6: Producto del Parcial | BC6: Examen Parcial | BD6: =CONCATENATE(General!$D$6, ": ", General!$D$7*100, " %") -> Asistencia: 0 % | BE6: =CONCATENATE(General!$E$6, ": ", General!$E$7*100, " %") -> Actividades: 20 % | BF6: =CONCATENATE(General!$F$6, ": ", General!$F$7*100, " %") -> Evidencias: 20 % | BG6: =CONCATENATE(General!$G$6, ": ", General!$G$7*100, " %") -> Producto: 30 % | BH6: =CONCATENATE(General!$H$6, ": ", General!$H$7*100, " %") -> Examen: 30 % | BI6: Calificación | BJ6: Porcentaje de asistencia
W7: Faltas por retardos
A9: =IF(General!A10="","",General!A10) -> 1 | B9: =IF(General!B10="","",General!B10) | C9: =IF(General!C10="","",General!C10) | BD9: =IF(ISERROR(COUNTIF($D9:$Y9,1)/(COUNTIF($D9:$Y9,1)+COUNTIF($D9:$Y9,0))),"",COUNTIF($D9:$Y9,1)/(COUNTIF($D9:$Y9,1)+COUNTIF($D9:$Y9,0))*General!$D$7*10) | BE9: =IFERROR(AVERAGE($Z9:$AQ9) * General!$E$7, "") | BF9: =IFERROR(AVERAGE($AR9:$BA9) * General!$F$7, "") | BG9: =IFERROR(AVERAGE($BB9) * General!$G$7, "") | BH9: =IFERROR(AVERAGE($BC9) * General!$H$7, "") | BI9: =SUM(BD9:BH9) -> 0 | BJ9: =IF(ISERROR(COUNTIF($D9:$Y9,1)/(COUNTIF($D9:$Y9,1)+COUNTIF($D9:$Y9,0))),"",COUNTIF($D9:$Y9,1)/(COUNTIF($D9:$Y9,1)+COUNTIF($D9:$Y9,0)))
A10: =IF(General!A11="","",General!A11) -> 2 | B10: =IF(General!B11="","",General!B11) | C10: =IF(General!C11="","",General!C11) | BD10: =IF(ISERROR(COUNTIF($D10:$Y10,1)/(COUNTIF($D10:$Y10,1)+COUNTIF($D10:$Y10,0))),"",COUNTIF($D10:$Y10,1)/(COUNTIF($D10:$Y10,1)+COUNTIF($D10:$Y10,0))*General!$D$7*10) | BE10: =IFERROR(AVERAGE($Z10:$AQ10) * General!$E$7, "") | BF10: =IFERROR(AVERAGE($AR10:$BA10) * General!$F$7, "") | BG10: =IFERROR(AVERAGE($BB10) * General!$G$7, "") | BH10: =IFERROR(AVERAGE($BC10) * General!$H$7, "") | BI10: =SUM(BD10:BH10) -> 0 | BJ10: =IF(ISERROR(COUNTIF($D10:$Y10,1)/(COUNTIF($D10:$Y10,1)+COUNTIF($D10:$Y10,0))),"",COUNTIF($D10:$Y10,1)/(COUNTIF($D10:$Y10,1)+COUNTIF($D10:$Y10,0)))
A11: =IF(General!A12="","",General!A12) -> 3 | B11: =IF(General!B12="","",General!B12) | C11: =IF(General!C12="","",General!C12) | BD11: =IF(ISERROR(COUNTIF($D11:$Y11,1)/(COUNTIF($D11:$Y11,1)+COUNTIF($D11:$Y11,0))),"",COUNTIF($D11:$Y11,1)/(COUNTIF($D11:$Y11,1)+COUNTIF($D11:$Y11,0))*General!$D$7*10) | BE11: =IFERROR(AVERAGE($Z11:$AQ11) * General!$E$7, "") | BF11: =IFERROR(AVERAGE($AR11:$BA11) * General!$F$7, "") | BG11: =IFERROR(AVERAGE($BB11) * General!$G$7, "") | BH11: =IFERROR(AVERAGE($BC11) * General!$H$7, "") | BI11: =SUM(BD11:BH11) -> 0 | BJ11: =IF(ISERROR(COUNTIF($D11:$Y11,1)/(COUNTIF($D11:$Y11,1)+COUNTIF($D11:$Y11,0))),"",COUNTIF($D11:$Y11,1)/(COUNTIF($D11:$Y11,1)+COUNTIF($D11:$Y11,0)))
A12: =IF(General!A13="","",General!A13) -> 4 | B12: =IF(General!B13="","",General!B13) | C12: =IF(General!C13="","",General!C13) | BD12: =IF(ISERROR(COUNTIF($D12:$Y12,1)/(COUNTIF($D12:$Y12,1)+COUNTIF($D12:$Y12,0))),"",COUNTIF($D12:$Y12,1)/(COUNTIF($D12:$Y12,1)+COUNTIF($D12:$Y12,0))*General!$D$7*10) | BE12: =IFERROR(AVERAGE($Z12:$AQ12) * General!$E$7, "") | BF12: =IFERROR(AVERAGE($AR12:$BA12) * General!$F$7, "") | BG12: =IFERROR(AVERAGE($BB12) * General!$G$7, "") | BH12: =IFERROR(AVERAGE($BC12) * General!$H$7, "") | BI12: =SUM(BD12:BH12) -> 0 | BJ12: =IF(ISERROR(COUNTIF($D12:$Y12,1)/(COUNTIF($D12:$Y12,1)+COUNTIF($D12:$Y12,0))),"",COUNTIF($D12:$Y12,1)/(COUNTIF($D12:$Y12,1)+COUNTIF($D12:$Y12,0)))
A13: =IF(General!A14="","",General!A14) -> 5 | B13: =IF(General!B14="","",General!B14) | C13: =IF(General!C14="","",General!C14) | BD13: =IF(ISERROR(COUNTIF($D13:$Y13,1)/(COUNTIF($D13:$Y13,1)+COUNTIF($D13:$Y13,0))),"",COUNTIF($D13:$Y13,1)/(COUNTIF($D13:$Y13,1)+COUNTIF($D13:$Y13,0))*General!$D$7*10) | BE13: =IFERROR(AVERAGE($Z13:$AQ13) * General!$E$7, "") | BF13: =IFERROR(AVERAGE($AR13:$BA13) * General!$F$7, "") | BG13: =IFERROR(AVERAGE($BB13) * General!$G$7, "") | BH13: =IFERROR(AVERAGE($BC13) * General!$H$7, "") | BI13: =SUM(BD13:BH13) -> 0 | BJ13: =IF(ISERROR(COUNTIF($D13:$Y13,1)/(COUNTIF($D13:$Y13,1)+COUNTIF($D13:$Y13,0))),"",COUNTIF($D13:$Y13,1)/(COUNTIF($D13:$Y13,1)+COUNTIF($D13:$Y13,0)))
A14: =IF(General!A15="","",General!A15) -> 6 | B14: =IF(General!B15="","",General!B15) | C14: =IF(General!C15="","",General!C15) | BD14: =IF(ISERROR(COUNTIF($D14:$Y14,1)/(COUNTIF($D14:$Y14,1)+COUNTIF($D14:$Y14,0))),"",COUNTIF($D14:$Y14,1)/(COUNTIF($D14:$Y14,1)+COUNTIF($D14:$Y14,0))*General!$D$7*10) | BE14: =IFERROR(AVERAGE($Z14:$AQ14) * General!$E$7, "") | BF14: =IFERROR(AVERAGE($AR14:$BA14) * General!$F$7, "") | BG14: =IFERROR(AVERAGE($BB14) * General!$G$7, "") | BH14: =IFERROR(AVERAGE($BC14) * General!$H$7, "") | BI14: =SUM(BD14:BH14) -> 0 | BJ14: =IF(ISERROR(COUNTIF($D14:$Y14,1)/(COUNTIF($D14:$Y14,1)+COUNTIF($D14:$Y14,0))),"",COUNTIF($D14:$Y14,1)/(COUNTIF($D14:$Y14,1)+COUNTIF($D14:$Y14,0)))
A15: =IF(General!A16="","",General!A16) -> 7 | B15: =IF(General!B16="","",General!B16) | C15: =IF(General!C16="","",General!C16) | BD15: =IF(ISERROR(COUNTIF($D15:$Y15,1)/(COUNTIF($D15:$Y15,1)+COUNTIF($D15:$Y15,0))),"",COUNTIF($D15:$Y15,1)/(COUNTIF($D15:$Y15,1)+COUNTIF($D15:$Y15,0))*General!$D$7*10) | BE15: =IFERROR(AVERAGE($Z15:$AQ15) * General!$E$7, "") | BF15: =IFERROR(AVERAGE($AR15:$BA15) * General!$F$7, "") | BG15: =IFERROR(AVERAGE($BB15) * General!$G$7, "") | BH15: =IFERROR(AVERAGE($BC15) * General!$H$7, "") | BI15: =SUM(BD15:BH15) -> 0 | BJ15: =IF(ISERROR(COUNTIF($D15:$Y15,1)/(COUNTIF($D15:$Y15,1)+COUNTIF($D15:$Y15,0))),"",COUNTIF($D15:$Y15,1)/(COUNTIF($D15:$Y15,1)+COUNTIF($D15:$Y15,0)))
A16: =IF(General!A17="","",General!A17) -> 8 | B16: =IF(General!B17="","",General!B17) | C16: =IF(General!C17="","",General!C17) | BD16: =IF(ISERROR(COUNTIF($D16:$Y16,1)/(COUNTIF($D16:$Y16,1)+COUNTIF($D16:$Y16,0))),"",COUNTIF($D16:$Y16,1)/(COUNTIF($D16:$Y16,1)+COUNTIF($D16:$Y16,0))*General!$D$7*10) | BE16: =IFERROR(AVERAGE($Z16:$AQ16) * General!$E$7, "") | BF16: =IFERROR(AVERAGE($AR16:$BA16) * General!$F$7, "") | BG16: =IFERROR(AVERAGE($BB16) * General!$G$7, "") | BH16: =IFERROR(AVERAGE($BC16) * General!$H$7, "") | BI16: =SUM(BD16:BH16) -> 0 | BJ16: =IF(ISERROR(COUNTIF($D16:$Y16,1)/(COUNTIF($D16:$Y16,1)+COUNTIF($D16:$Y16,0))),"",COUNTIF($D16:$Y16,1)/(COUNTIF($D16:$Y16,1)+COUNTIF($D16:$Y16,0)))
A17: =IF(General!A18="","",General!A18) -> 9 | B17: =IF(General!B18="","",General!B18) | C17: =IF(General!C18="","",General!C18) | BD17: =IF(ISERROR(COUNTIF($D17:$Y17,1)/(COUNTIF($D17:$Y17,1)+COUNTIF($D17:$Y17,0))),"",COUNTIF($D17:$Y17,1)/(COUNTIF($D17:$Y17,1)+COUNTIF($D17:$Y17,0))*General!$D$7*10) | BE17: =IFERROR(AVERAGE($Z17:$AQ17) * General!$E$7, "") | BF17: =IFERROR(AVERAGE($AR17:$BA17) * General!$F$7, "") | BG17: =IFERROR(AVERAGE($BB17) * General!$G$7, "") | BH17: =IFERROR(AVERAGE($BC17) * General!$H$7, "") | BI17: =SUM(BD17:BH17) -> 0 | BJ17: =IF(ISERROR(COUNTIF($D17:$Y17,1)/(COUNTIF($D17:$Y17,1)+COUNTIF($D17:$Y17,0))),"",COUNTIF($D17:$Y17,1)/(COUNTIF($D17:$Y17,1)+COUNTIF($D17:$Y17,0)))
A18: =IF(General!A19="","",General!A19) -> 10 | B18: =IF(General!B19="","",General!B19) | C18: =IF(General!C19="","",General!C19) | BD18: =IF(ISERROR(COUNTIF($D18:$Y18,1)/(COUNTIF($D18:$Y18,1)+COUNTIF($D18:$Y18,0))),"",COUNTIF($D18:$Y18,1)/(COUNTIF($D18:$Y18,1)+COUNTIF($D18:$Y18,0))*General!$D$7*10) | BE18: =IFERROR(AVERAGE($Z18:$AQ18) * General!$E$7, "") | BF18: =IFERROR(AVERAGE($AR18:$BA18) * General!$F$7, "") | BG18: =IFERROR(AVERAGE($BB18) * General!$G$7, "") | BH18: =IFERROR(AVERAGE($BC18) * General!$H$7, "") | BI18: =SUM(BD18:BH18) -> 0 | BJ18: =IF(ISERROR(COUNTIF($D18:$Y18,1)/(COUNTIF($D18:$Y18,1)+COUNTIF($D18:$Y18,0))),"",COUNTIF($D18:$Y18,1)/(COUNTIF($D18:$Y18,1)+COUNTIF($D18:$Y18,0)))
A19: =IF(General!A20="","",General!A20) -> 11 | B19: =IF(General!B20="","",General!B20) | C19: =IF(General!C20="","",General!C20) | BD19: =IF(ISERROR(COUNTIF($D19:$Y19,1)/(COUNTIF($D19:$Y19,1)+COUNTIF($D19:$Y19,0))),"",COUNTIF($D19:$Y19,1)/(COUNTIF($D19:$Y19,1)+COUNTIF($D19:$Y19,0))*General!$D$7*10) | BE19: =IFERROR(AVERAGE($Z19:$AQ19) * General!$E$7, "") | BF19: =IFERROR(AVERAGE($AR19:$BA19) * General!$F$7, "") | BG19: =IFERROR(AVERAGE($BB19) * General!$G$7, "") | BH19: =IFERROR(AVERAGE($BC19) * General!$H$7, "") | BI19: =SUM(BD19:BH19) -> 0 | BJ19: =IF(ISERROR(COUNTIF($D19:$Y19,1)/(COUNTIF($D19:$Y19,1)+COUNTIF($D19:$Y19,0))),"",COUNTIF($D19:$Y19,1)/(COUNTIF($D19:$Y19,1)+COUNTIF($D19:$Y19,0)))
A20: =IF(General!A21="","",General!A21) -> 12 | B20: =IF(General!B21="","",General!B21) | C20: =IF(General!C21="","",General!C21) | BD20: =IF(ISERROR(COUNTIF($D20:$Y20,1)/(COUNTIF($D20:$Y20,1)+COUNTIF($D20:$Y20,0))),"",COUNTIF($D20:$Y20,1)/(COUNTIF($D20:$Y20,1)+COUNTIF($D20:$Y20,0))*General!$D$7*10) | BE20: =IFERROR(AVERAGE($Z20:$AQ20) * General!$E$7, "") | BF20: =IFERROR(AVERAGE($AR20:$BA20) * General!$F$7, "") | BG20: =IFERROR(AVERAGE($BB20) * General!$G$7, "") | BH20: =IFERROR(AVERAGE($BC20) * General!$H$7, "") | BI20: =SUM(BD20:BH20) -> 0 | BJ20: =IF(ISERROR(COUNTIF($D20:$Y20,1)/(COUNTIF($D20:$Y20,1)+COUNTIF($D20:$Y20,0))),"",COUNTIF($D20:$Y20,1)/(COUNTIF($D20:$Y20,1)+COUNTIF($D20:$Y20,0)))
... A53: =IF(General!A54="","",General!A54) | B53: =IF(General!B54="","",General!B54) | C53: =IF(General!C54="","",General!C54) | BD53: =IF(ISERROR(COUNTIF($D53:$Y53,1)/(COUNTIF($D53:$Y53,1)+COUNTIF($D53:$Y53,0))),"",COUNTIF($D53:$Y53,1)/(COUNTIF($D53:$Y53,1)+COUNTIF($D53:$Y53,0))*General!$D$7*10) | BE53: =IFERROR(AVERAGE($Z53:$AQ53) * General!$E$7, "") | BF53: =IFERROR(AVERAGE($AR53:$BA53) * General!$F$7, "") | BG53: =IFERROR(AVERAGE($BB53) * General!$G$7, "") | BH53: =IFERROR(AVERAGE($BC53) * General!$H$7, "") | BI53: =SUM(BD53:BH53) -> 0 | BJ53: =IF(ISERROR(COUNTIF($D53:$Y53,1)/(COUNTIF($D53:$Y53,1)+COUNTIF($D53:$Y53,0))),"",COUNTIF($D53:$Y53,1)/(COUNTIF($D53:$Y53,1)+COUNTIF($D53:$Y53,0)))
A54: =IF(General!A55="","",General!A55) | B54: =IF(General!B55="","",General!B55) | C54: =IF(General!C55="","",General!C55)

Sheet Parcial_2
E2: =IF(General!D5="","",General!D5) -> Ponderaciones
A3: =IF(General!A5="","",General!A5) -> Grupo: | C3: =IF(General!C5="","",General!C5) -> 2A | E3: =IF(General!D6="","",General!D6) -> Asistencia | I3: =IF(General!E6="","",General!E6) -> Actividades | M3: =IF(General!F6="","",General!F6) -> Evidencias | Q3: =IF(General!G6="","",General!G6) -> Producto | U3: =IF(General!H6="","",General!H6) -> Examen
A4: =IF(General!A6="","",General!A6) -> Asignatura: | C4: =IF(General!C6="","",General!C6) -> HABILIDADES SOCIALES | E4: =IF(General!D7="","",General!D7) -> 0 | I4: =IF(General!E7="","",General!E7) -> 0.2 | M4: =IF(General!F7="","",General!F7) -> 0.2 | Q4: =IF(General!G7="","",General!G7) -> 0.3 | U4: =IF(General!H7="","",General!H7) -> 0.3
A5: =IF(General!A7="","",General!A7) -> Docente: | C5: =IF(General!C7="","",General!C7) -> EVANGELINA REYES AYALA
A6: No. | B6: Matrícula | C6: Nombre | D6: Asistencia | Z6: Actividades de Aprendizaje | AR6: Evidencias de Aprendizaje | BB6: Producto del Parcial | BC6: Examen Parcial | BD6: =CONCATENATE(General!$D$6, ": ", General!$D$7*100, " %") -> Asistencia: 0 % | BE6: =CONCATENATE(General!$E$6, ": ", General!$E$7*100, " %") -> Actividades: 20 % | BF6: =CONCATENATE(General!$F$6, ": ", General!$F$7*100, " %") -> Evidencias: 20 % | BG6: =CONCATENATE(General!$G$6, ": ", General!$G$7*100, " %") -> Producto: 30 % | BH6: =CONCATENATE(General!$H$6, ": ", General!$H$7*100, " %") -> Examen: 30 % | BI6: Calificación | BJ6: Porcentaje de asistencia
W7: Faltas por retardos
A9: =IF(General!A10="","",General!A10) -> 1 | B9: =IF(General!B10="","",General!B10) | C9: =IF(General!C10="","",General!C10) | BD9: =IF(ISERROR(COUNTIF($D9:$Y9,1)/(COUNTIF($D9:$Y9,1)+COUNTIF($D9:$Y9,0))),"",COUNTIF($D9:$Y9,1)/(COUNTIF($D9:$Y9,1)+COUNTIF($D9:$Y9,0))*General!$D$7*10) | BE9: =IFERROR(AVERAGE($Z9:$AQ9) * General!$E$7, "") | BF9: =IFERROR(AVERAGE($AR9:$BA9) * General!$F$7, "") | BG9: =IFERROR(AVERAGE($BB9) * General!$G$7, "") | BH9: =IFERROR(AVERAGE($BC9) * General!$H$7, "") | BI9: =SUM(BD9:BH9) -> 0 | BJ9: =IF(ISERROR(COUNTIF($D9:$Y9,1)/(COUNTIF($D9:$Y9,1)+COUNTIF($D9:$Y9,0))),"",COUNTIF($D9:$Y9,1)/(COUNTIF($D9:$Y9,1)+COUNTIF($D9:$Y9,0)))
A10: =IF(General!A11="","",General!A11) -> 2 | B10: =IF(General!B11="","",General!B11) | C10: =IF(General!C11="","",General!C11) | BD10: =IF(ISERROR(COUNTIF($D10:$Y10,1)/(COUNTIF($D10:$Y10,1)+COUNTIF($D10:$Y10,0))),"",COUNTIF($D10:$Y10,1)/(COUNTIF($D10:$Y10,1)+COUNTIF($D10:$Y10,0))*General!$D$7*10) | BE10: =IFERROR(AVERAGE($Z10:$AQ10) * General!$E$7, "") | BF10: =IFERROR(AVERAGE($AR10:$BA10) * General!$F$7, "") | BG10: =IFERROR(AVERAGE($BB10) * General!$G$7, "") | BH10: =IFERROR(AVERAGE($BC10) * General!$H$7, "") | BI10: =SUM(BD10:BH10) -> 0 | BJ10: =IF(ISERROR(COUNTIF($D10:$Y10,1)/(COUNTIF($D10:$Y10,1)+COUNTIF($D10:$Y10,0))),"",COUNTIF($D10:$Y10,1)/(COUNTIF($D10:$Y10,1)+COUNTIF($D10:$Y10,0)))
A11: =IF(General!A12="","",General!A12) -> 3 | B11: =IF(General!B12="","",General!B12) | C11: =IF(General!C12="","",General!C12) | BD11: =IF(ISERROR(COUNTIF($D11:$Y11,1)/(COUNTIF($D11:$Y11,1)+COUNTIF($D11:$Y11,0))),"",COUNTIF($D11:$Y11,1)/(COUNTIF($D11:$Y11,1)+COUNTIF($D11:$Y11,0))*General!$D$7*10) | BE11: =IFERROR(AVERAGE($Z11:$AQ11) * General!$E$7, "") | BF11: =IFERROR(AVERAGE($AR11:$BA11) * General!$F$7, "") | BG11: =IFERROR(AVERAGE($BB11) * General!$G$7, "") | BH11: =IFERROR(AVERAGE($BC11) * General!$H$7, "") | BI11: =SUM(BD11:BH11) -> 0 | BJ11: =IF(ISERROR(COUNTIF($D11:$Y11,1)/(COUNTIF($D11:$Y11,1)+COUNTIF($D11:$Y11,0))),"",COUNTIF($D11:$Y11,1)/(COUNTIF($D11:$Y11,1)+COUNTIF($D11:$Y11,0)))
A12: =IF(General!A13="","",General!A13) -> 4 | B12: =IF(General!B13="","",General!B13) | C12: =IF(General!C13="","",General!C13) | BD12: =IF(ISERROR(COUNTIF($D12:$Y12,1)/(COUNTIF($D12:$Y12,1)+COUNTIF($D12:$Y12,0))),"",COUNTIF($D12:$Y12,1)/(COUNTIF($D12:$Y12,1)+COUNTIF($D12:$Y12,0))*General!$D$7*10) | BE12: =IFERROR(AVERAGE($Z12:$AQ12) * General!$E$7, "") | BF12: =IFERROR(AVERAGE($AR12:$BA12) * General!$F$7, "") | BG12: =IFERROR(AVERAGE($BB12) * General!$G$7, "") | BH12: =IFERROR(AVERAGE($BC12) * General!$H$7, "") | BI12: =SUM(BD12:BH12) -> 0 | BJ12: =IF(ISERROR(COUNTIF($D12:$Y12,1)/(COUNTIF($D12:$Y12,1)+COUNTIF($D12:$Y12,0))),"",COUNTIF($D12:$Y12,1)/(COUNTIF($D12:$Y12,1)+COUNTIF($D12:$Y12,0)))
A13: =IF(General!A14="","",General!A14) -> 5 | B13: =IF(General!B14="","",General!B14) | C13: =IF(General!C14="","",General!C14) | BD13: =IF(ISERROR(COUNTIF($D13:$Y13,1)/(COUNTIF($D13:$Y13,1)+COUNTIF($D13:$Y13,0))),"",COUNTIF($D13:$Y13,1)/(COUNTIF($D13:$Y13,1)+COUNTIF($D13:$Y13,0))*General!$D$7*10) | BE13: =IFERROR(AVERAGE($Z13:$AQ13) * General!$E$7, "") | BF13: =IFERROR(AVERAGE($AR13:$BA13) * General!$F$7, "") | BG13: =IFERROR(AVERAGE($BB13) * General!$G$7, "") | BH13: =IFERROR(AVERAGE($BC13) * General!$H$7, "") | BI13: =SUM(BD13:BH13) -> 0 | BJ13: =IF(ISERROR(COUNTIF($D13:$Y13,1)/(COUNTIF($D13:$Y13,1)+COUNTIF($D13:$Y13,0))),"",COUNTIF($D13:$Y13,1)/(COUNTIF($D13:$Y13,1)+COUNTIF($D13:$Y13,0)))
A14: =IF(General!A15="","",General!A15) -> 6 | B14: =IF(General!B15="","",General!B15) | C14: =IF(General!C15="","",General!C15) | BD14: =IF(ISERROR(COUNTIF($D14:$Y14,1)/(COUNTIF($D14:$Y14,1)+COUNTIF($D14:$Y14,0))),"",COUNTIF($D14:$Y14,1)/(COUNTIF($D14:$Y14,1)+COUNTIF($D14:$Y14,0))*General!$D$7*10) | BE14: =IFERROR(AVERAGE($Z14:$AQ14) * General!$E$7, "") | BF14: =IFERROR(AVERAGE($AR14:$BA14) * General!$F$7, "") | BG14: =IFERROR(AVERAGE($BB14) * General!$G$7, "") | BH14: =IFERROR(AVERAGE($BC14) * General!$H$7, "") | BI14: =SUM(BD14:BH14) -> 0 | BJ14: =IF(ISERROR(COUNTIF($D14:$Y14,1)/(COUNTIF($D14:$Y14,1)+COUNTIF($D14:$Y14,0))),"",COUNTIF($D14:$Y14,1)/(COUNTIF($D14:$Y14,1)+COUNTIF($D14:$Y14,0)))
A15: =IF(General!A16="","",General!A16) -> 7 | B15: =IF(General!B16="","",General!B16) | C15: =IF(General!C16="","",General!C16) | BD15: =IF(ISERROR(COUNTIF($D15:$Y15,1)/(COUNTIF($D15:$Y15,1)+COUNTIF($D15:$Y15,0))),"",COUNTIF($D15:$Y15,1)/(COUNTIF($D15:$Y15,1)+COUNTIF($D15:$Y15,0))*General!$D$7*10) | BE15: =IFERROR(AVERAGE($Z15:$AQ15) * General!$E$7, "") | BF15: =IFERROR(AVERAGE($AR15:$BA15) * General!$F$7, "") | BG15: =IFERROR(AVERAGE($BB15) * General!$G$7, "") | BH15: =IFERROR(AVERAGE($BC15) * General!$H$7, "") | BI15: =SUM(BD15:BH15) -> 0 | BJ15: =IF(ISERROR(COUNTIF($D15:$Y15,1)/(COUNTIF($D15:$Y15,1)+COUNTIF($D15:$Y15,0))),"",COUNTIF($D15:$Y15,1)/(COUNTIF($D15:$Y15,1)+COUNTIF($D15:$Y15,0)))
A16: =IF(General!A17="","",General!A17) -> 8 | B16: =IF(General!B17="","",General!B17) | C16: =IF(General!C17="","",General!C17) | BD16: =IF(ISERROR(COUNTIF($D16:$Y16,1)/(COUNTIF($D16:$Y16,1)+COUNTIF($D16:$Y16,0))),"",COUNTIF($D16:$Y16,1)/(COUNTIF($D16:$Y16,1)+COUNTIF($D16:$Y16,0))*General!$D$7*10) | BE16: =IFERROR(AVERAGE($Z16:$AQ16) * General!$E$7, "") | BF16: =IFERROR(AVERAGE($AR16:$BA16) * General!$F$7, "") | BG16: =IFERROR(AVERAGE($BB16) * General!$G$7, "") | BH16: =IFERROR(AVERAGE($BC16) * General!$H$7, "") | BI16: =SUM(BD16:BH16) -> 0 | BJ16: =IF(ISERROR(COUNTIF($D16:$Y16,1)/(COUNTIF($D16:$Y16,1)+COUNTIF($D16:$Y16,0))),"",COUNTIF($D16:$Y16,1)/(COUNTIF($D16:$Y16,1)+COUNTIF($D16:$Y16,0)))
A17: =IF(General!A18="","",General!A18) -> 9 | B17: =IF(General!B18="","",General!B18) | C17: =IF(General!C18="","",General!C18) | BD17: =IF(ISERROR(COUNTIF($D17:$Y17,1)/(COUNTIF($D17:$Y17,1)+COUNTIF($D17:$Y17,0))),"",COUNTIF($D17:$Y17,1)/(COUNTIF($D17:$Y17,1)+COUNTIF($D17:$Y17,0))*General!$D$7*10) | BE17: =IFERROR(AVERAGE($Z17:$AQ17) * General!$E$7, "") | BF17: =IFERROR(AVERAGE($AR17:$BA17) * General!$F$7, "") | BG17: =IFERROR(AVERAGE($BB17) * General!$G$7, "") | BH17: =IFERROR(AVERAGE($BC17) * General!$H$7, "") | BI17: =SUM(BD17:BH17) -> 0 | BJ17: =IF(ISERROR(COUNTIF($D17:$Y17,1)/(COUNTIF($D17:$Y17,1)+COUNTIF($D17:$Y17,0))),"",COUNTIF($D17:$Y17,1)/(COUNTIF($D17:$Y17,1)+COUNTIF($D17:$Y17,0)))
A18: =IF(General!A19="","",General!A19) -> 10 | B18: =IF(General!B19="","",General!B19) | C18: =IF(General!C19="","",General!C19) | BD18: =IF(ISERROR(COUNTIF($D18:$Y18,1)/(COUNTIF($D18:$Y18,1)+COUNTIF($D18:$Y18,0))),"",COUNTIF($D18:$Y18,1)/(COUNTIF($D18:$Y18,1)+COUNTIF($D18:$Y18,0))*General!$D$7*10) | BE18: =IFERROR(AVERAGE($Z18:$AQ18) * General!$E$7, "") | BF18: =IFERROR(AVERAGE($AR18:$BA18) * General!$F$7, "") | BG18: =IFERROR(AVERAGE($BB18) * General!$G$7, "") | BH18: =IFERROR(AVERAGE($BC18) * General!$H$7, "") | BI18: =SUM(BD18:BH18) -> 0 | BJ18: =IF(ISERROR(COUNTIF($D18:$Y18,1)/(COUNTIF($D18:$Y18,1)+COUNTIF($D18:$Y18,0))),"",COUNTIF($D18:$Y18,1)/(COUNTIF($D18:$Y18,1)+COUNTIF($D18:$Y18,0)))
A19: =IF(General!A20="","",General!A20) -> 11 | B19: =IF(General!B20="","",General!B20) | C19: =IF(General!C20="","",General!C20) | BD19: =IF(ISERROR(COUNTIF($D19:$Y19,1)/(COUNTIF($D19:$Y19,1)+COUNTIF($D19:$Y19,0))),"",COUNTIF($D19:$Y19,1)/(COUNTIF($D19:$Y19,1)+COUNTIF($D19:$Y19,0))*General!$D$7*10) | BE19: =IFERROR(AVERAGE($Z19:$AQ19) * General!$E$7, "") | BF19: =IFERROR(AVERAGE($AR19:$BA19) * General!$F$7, "") | BG19: =IFERROR(AVERAGE($BB19) * General!$G$7, "") | BH19: =IFERROR(AVERAGE($BC19) * General!$H$7, "") | BI19: =SUM(BD19:BH19) -> 0 | BJ19: =IF(ISERROR(COUNTIF($D19:$Y19,1)/(COUNTIF($D19:$Y19,1)+COUNTIF($D19:$Y19,0))),"",COUNTIF($D19:$Y19,1)/(COUNTIF($D19:$Y19,1)+COUNTIF($D19:$Y19,0)))
A20: =IF(General!A21="","",General!A21) -> 12 | B20: =IF(General!B21="","",General!B21) | C20: =IF(General!C21="","",General!C21) | BD20: =IF(ISERROR(COUNTIF($D20:$Y20,1)/(COUNTIF($D20:$Y20,1)+COUNTIF($D20:$Y20,0))),"",COUNTIF($D20:$Y20,1)/(COUNTIF($D20:$Y20,1)+COUNTIF($D20:$Y20,0))*General!$D$7*10) | BE20: =IFERROR(AVERAGE($Z20:$AQ20) * General!$E$7, "") | BF20: =IFERROR(AVERAGE($AR20:$BA20) * General!$F$7, "") | BG20: =IFERROR(AVERAGE($BB20) * General!$G$7, "") | BH20: =IFERROR(AVERAGE($BC20) * General!$H$7, "") | BI20: =SUM(BD20:BH20) -> 0 | BJ20: =IF(ISERROR(COUNTIF($D20:$Y20,1)/(COUNTIF($D20:$Y20,1)+COUNTIF($D20:$Y20,0))),"",COUNTIF($D20:$Y20,1)/(COUNTIF($D20:$Y20,1)+COUNTIF($D20:$Y20,0)))
... A53: =IF(General!A54="","",General!A54) | B53: =IF(General!B54="","",General!B54) | C53: =IF(General!C54="","",General!C54) | BD53: =IF(ISERROR(COUNTIF($D53:$Y53,1)/(COUNTIF($D53:$Y53,1)+COUNTIF($D53:$Y53,0))),"",COUNTIF($D53:$Y53,1)/(COUNTIF($D53:$Y53,1)+COUNTIF($D53:$Y53,0))*General!$D$7*10) | BE53: =IFERROR(AVERAGE($Z53:$AQ53) * General!$E$7, "") | BF53: =IFERROR(AVERAGE($AR53:$BA53) * General!$F$7, "") | BG53: =IFERROR(AVERAGE($BB53) * General!$G$7, "") | BH53: =IFERROR(AVERAGE($BC53) * General!$H$7, "") | BI53: =SUM(BD53:BH53) -> 0 | BJ53: =IF(ISERROR(COUNTIF($D53:$Y53,1)/(COUNTIF($D53:$Y53,1)+COUNTIF($D53:$Y53,0))),"",COUNTIF($D53:$Y53,1)/(COUNTIF($D53:$Y53,1)+COUNTIF($D53:$Y53,0)))
A54: =IF(General!A55="","",General!A55) | B54: =IF(General!B55="","",General!B55) | C54: =IF(General!C55="","",General!C55)

Sheet Parcial_3
E2: =IF(General!D5="","",General!D5) -> Ponderaciones
A3: =IF(General!A5="","",General!A5) -> Grupo: | C3: =IF(General!C5="","",General!C5) -> 2A | E3: =IF(General!D6="","",General!D6) -> Asistencia | I3: =IF(General!E6="","",General!E6) -> Actividades | M3: =IF(General!F6="","",General!F6) -> Evidencias | Q3: =IF(General!G6="","",General!G6) -> Producto | U3: =IF(General!H6="","",General!H6) -> Examen
A4: =IF(General!A6="","",General!A6) -> Asignatura: | C4: =IF(General!C6="","",General!C6) -> HABILIDADES SOCIALES | E4: =IF(General!D7="","",General!D7) -> 0 | I4: =IF(General!E7="","",General!E7) -> 0.2 | M4: =IF(General!F7="","",General!F7) -> 0.2 | Q4: =IF(General!G7="","",General!G7) -> 0.3 | U4: =IF(General!H7="","",General!H7) -> 0.3
A5: =IF(General!A7="","",General!A7) -> Docente: | C5: =IF(General!C7="","",General!C7) -> EVANGELINA REYES AYALA
A6: No. | B6: Matrícula | C6: Nombre | D6: Asistencia | Z6: Actividades de Aprendizaje | AR6: Evidencias de Aprendizaje | BB6: Producto del Parcial | BC6: Examen Parcial | BD6: =CONCATENATE(General!$D$6, ": ", General!$D$7*100, " %") -> Asistencia: 0 % | BE6: =CONCATENATE(General!$E$6, ": ", General!$E$7*100, " %") -> Actividades: 20 % | BF6: =CONCATENATE(General!$F$6, ": ", General!$F$7*100, " %") -> Evidencias: 20 % | BG6: =CONCATENATE(General!$G$6, ": ", General!$G$7*100, " %") -> Producto: 30 % | BH6: =CONCATENATE(General!$H$6, ": ", General!$H$7*100, " %") -> Examen: 30 % | BI6: Calificación | BJ6: Porcentaje de asistencia
W7: Faltas por retardos
A9: =IF(General!A10="","",General!A10) -> 1 | B9: =IF(General!B10="","",General!B10) | C9: =IF(General!C10="","",General!C10) | BD9: =IF(ISERROR(COUNTIF($D9:$Y9,1)/(COUNTIF($D9:$Y9,1)+COUNTIF($D9:$Y9,0))),"",COUNTIF($D9:$Y9,1)/(COUNTIF($D9:$Y9,1)+COUNTIF($D9:$Y9,0))*General!$D$7*10) | BE9: =IFERROR(AVERAGE($Z9:$AQ9) * General!$E$7, "") | BF9: =IFERROR(AVERAGE($AR9:$BA9) * General!$F$7, "") | BG9: =IFERROR(AVERAGE($BB9) * General!$G$7, "") | BH9: =IFERROR(AVERAGE($BC9) * General!$H$7, "") | BI9: =SUM(BD9:BH9) -> 0 | BJ9: =IF(ISERROR(COUNTIF($D9:$Y9,1)/(COUNTIF($D9:$Y9,1)+COUNTIF($D9:$Y9,0))),"",COUNTIF($D9:$Y9,1)/(COUNTIF($D9:$Y9,1)+COUNTIF($D9:$Y9,0)))
A10: =IF(General!A11="","",General!A11) -> 2 | B10: =IF(General!B11="","",General!B11) | C10: =IF(General!C11="","",General!C11) | BD10: =IF(ISERROR(COUNTIF($D10:$Y10,1)/(COUNTIF($D10:$Y10,1)+COUNTIF($D10:$Y10,0))),"",COUNTIF($D10:$Y10,1)/(COUNTIF($D10:$Y10,1)+COUNTIF($D10:$Y10,0))*General!$D$7*10) | BE10: =IFERROR(AVERAGE($Z10:$AQ10) * General!$E$7, "") | BF10: =IFERROR(AVERAGE($AR10:$BA10) * General!$F$7, "") | BG10: =IFERROR(AVERAGE($BB10) * General!$G$7, "") | BH10: =IFERROR(AVERAGE($BC10) * General!$H$7, "") | BI10: =SUM(BD10:BH10) -> 0 | BJ10: =IF(ISERROR(COUNTIF($D10:$Y10,1)/(COUNTIF($D10:$Y10,1)+COUNTIF($D10:$Y10,0))),"",COUNTIF($D10:$Y10,1)/(COUNTIF($D10:$Y10,1)+COUNTIF($D10:$Y10,0)))
A11: =IF(General!A12="","",General!A12) -> 3 | B11: =IF(General!B12="","",General!B12) | C11: =IF(General!C12="","",General!C12) | BD11: =IF(ISERROR(COUNTIF($D11:$Y11,1)/(COUNTIF($D11:$Y11,1)+COUNTIF($D11:$Y11,0))),"",COUNTIF($D11:$Y11,1)/(COUNTIF($D11:$Y11,1)+COUNTIF($D11:$Y11,0))*General!$D$7*10) | BE11: =IFERROR(AVERAGE($Z11:$AQ11) * General!$E$7, "") | BF11: =IFERROR(AVERAGE($AR11:$BA11) * General!$F$7, "") | BG11: =IFERROR(AVERAGE($BB11) * General!$G$7, "") | BH11: =IFERROR(AVERAGE($BC11) * General!$H$7, "") | BI11: =SUM(BD11:BH11) -> 0 | BJ11: =IF(ISERROR(COUNTIF($D11:$Y11,1)/(COUNTIF($D11:$Y11,1)+COUNTIF($D11:$Y11,0))),"",COUNTIF($D11:$Y11,1)/(COUNTIF($D11:$Y11,1)+COUNTIF($D11:$Y11,0)))
A12: =IF(General!A13="","",General!A13) -> 4 | B12: =IF(General!B13="","",General!B13) | C12: =IF(General!C13="","",General!C13) | BD12: =IF(ISERROR(COUNTIF($D12:$Y12,1)/(COUNTIF($D12:$Y12,1)+COUNTIF($D12:$Y12,0))),"",COUNTIF($D12:$Y12,1)/(COUNTIF($D12:$Y12,1)+COUNTIF($D12:$Y12,0))*General!$D$7*10) | BE12: =IFERROR(AVERAGE($Z12:$AQ12) * General!$E$7, "") | BF12: =IFERROR(AVERAGE($AR12:$BA12) * General!$F$7, "") | BG12: =IFERROR(AVERAGE($BB12) * General!$G$7, "") | BH12: =IFERROR(AVERAGE($BC12) * General!$H$7, "") | BI12: =SUM(BD12:BH12) -> 0 | BJ12: =IF(ISERROR(COUNTIF($D12:$Y12,1)/(COUNTIF($D12:$Y12,1)+COUNTIF($D12:$Y12,0))),"",COUNTIF($D12:$Y12,1)/(COUNTIF($D12:$Y12,1)+COUNTIF($D12:$Y12,0)))
A13: =IF(General!A14="","",General!A14) -> 5 | B13: =IF(General!B14="","",General!B14) | C13: =IF(General!C14="","",General!C14) | BD13: =IF(ISERROR(COUNTIF($D13:$Y13,1)/(COUNTIF($D13:$Y13,1)+COUNTIF($D13:$Y13,0))),"",COUNTIF($D13:$Y13,1)/(COUNTIF($D13:$Y13,1)+COUNTIF($D13:$Y13,0))*General!$D$7*10) | BE13: =IFERROR(AVERAGE($Z13:$AQ13) * General!$E$7, "") | BF13: =IFERROR(AVERAGE($AR13:$BA13) * General!$F$7, "") | BG13: =IFERROR(AVERAGE($BB13) * General!$G$7, "") | BH13: =IFERROR(AVERAGE($BC13) * General!$H$7, "") | BI13: =SUM(BD13:BH13) -> 0 | BJ13: =IF(ISERROR(COUNTIF($D13:$Y13,1)/(COUNTIF($D13:$Y13,1)+COUNTIF($D13:$Y13,0))),"",COUNTIF($D13:$Y13,1)/(COUNTIF($D13:$Y13,1)+COUNTIF($D13:$Y13,0)))
A14: =IF(General!A15="","",General!A15) -> 6 | B14: =IF(General!B15="","",General!B15) | C14: =IF(General!C15="","",General!C15) | BD14: =IF(ISERROR(COUNTIF($D14:$Y14,1)/(COUNTIF($D14:$Y14,1)+COUNTIF($D14:$Y14,0))),"",COUNTIF($D14:$Y14,1)/(COUNTIF($D14:$Y14,1)+COUNTIF($D14:$Y14,0))*General!$D$7*10) | BE14: =IFERROR(AVERAGE($Z14:$AQ14) * General!$E$7, "") | BF14: =IFERROR(AVERAGE($AR14:$BA14) * General!$F$7, "") | BG14: =IFERROR(AVERAGE($BB14) * General!$G$7, "") | BH14: =IFERROR(AVERAGE($BC14) * General!$H$7, "") | BI14: =SUM(BD14:BH14) -> 0 | BJ14: =IF(ISERROR(COUNTIF($D14:$Y14,1)/(COUNTIF($D14:$Y14,1)+COUNTIF($D14:$Y14,0))),"",COUNTIF($D14:$Y14,1)/(COUNTIF($D14:$Y14,1)+COUNTIF($D14:$Y14,0)))
A15: =IF(General!A16="","",General!A16) -> 7 | B15: =IF(General!B16="","",General!B16) | C15: =IF(General!C16="","",General!C16) | BD15: =IF(ISERROR(COUNTIF($D15:$Y15,1)/(COUNTIF($D15:$Y15,1)+COUNTIF($D15:$Y15,0))),"",COUNTIF($D15:$Y15,1)/(COUNTIF($D15:$Y15,1)+COUNTIF($D15:$Y15,0))*General!$D$7*10) | BE15: =IFERROR(AVERAGE($Z15:$AQ15) * General!$E$7, "") | BF15: =IFERROR(AVERAGE($AR15:$BA15) * General!$F$7, "") | BG15: =IFERROR(AVERAGE($BB15) * General!$G$7, "") | BH15: =IFERROR(AVERAGE($BC15) * General!$H$7, "") | BI15: =SUM(BD15:BH15) -> 0 | BJ15: =IF(ISERROR(COUNTIF($D15:$Y15,1)/(COUNTIF($D15:$Y15,1)+COUNTIF($D15:$Y15,0))),"",COUNTIF($D15:$Y15,1)/(COUNTIF($D15:$Y15,1)+COUNTIF($D15:$Y15,0)))
A16: =IF(General!A17="","",General!A17) -> 8 | B16: =IF(General!B17="","",General!B17) | C16: =IF(General!C17="","",General!C17) | BD16: =IF(ISERROR(COUNTIF($D16:$Y16,1)/(COUNTIF($D16:$Y16,1)+COUNTIF($D16:$Y16,0))),"",COUNTIF($D16:$Y16,1)/(COUNTIF($D16:$Y16,1)+COUNTIF($D16:$Y16,0))*General!$D$7*10) | BE16: =IFERROR(AVERAGE($Z16:$AQ16) * General!$E$7, "") | BF16: =IFERROR(AVERAGE($AR16:$BA16) * General!$F$7, "") | BG16: =IFERROR(AVERAGE($BB16) * General!$G$7, "") | BH16: =IFERROR(AVERAGE($BC16) * General!$H$7, "") | BI16: =SUM(BD16:BH16) -> 0 | BJ16: =IF(ISERROR(COUNTIF($D16:$Y16,1)/(COUNTIF($D16:$Y16,1)+COUNTIF($D16:$Y16,0))),"",COUNTIF($D16:$Y16,1)/(COUNTIF($D16:$Y16,1)+COUNTIF($D16:$Y16,0)))
A17: =IF(General!A18="","",General!A18) -> 9 | B17: =IF(General!B18="","",General!B18) | C17: =IF(General!C18="","",General!C18) | BD17: =IF(ISERROR(COUNTIF($D17:$Y17,1)/(COUNTIF($D17:$Y17,1)+COUNTIF($D17:$Y17,0))),"",COUNTIF($D17:$Y17,1)/(COUNTIF($D17:$Y17,1)+COUNTIF($D17:$Y17,0))*General!$D$7*10) | BE17: =IFERROR(AVERAGE($Z17:$AQ17) * General!$E$7, "") | BF17: =IFERROR(AVERAGE($AR17:$BA17) * General!$F$7, "") | BG17: =IFERROR(AVERAGE($BB17) * General!$G$7, "") | BH17: =IFERROR(AVERAGE($BC17) * General!$H$7, "") | BI17: =SUM(BD17:BH17) -> 0 | BJ17: =IF(ISERROR(COUNTIF($D17:$Y17,1)/(COUNTIF($D17:$Y17,1)+COUNTIF($D17:$Y17,0))),"",COUNTIF($D17:$Y17,1)/(COUNTIF($D17:$Y17,1)+COUNTIF($D17:$Y17,0)))
A18: =IF(General!A19="","",General!A19) -> 10 | B18: =IF(General!B19="","",General!B19) | C18: =IF(General!C19="","",General!C19) | BD18: =IF(ISERROR(COUNTIF($D18:$Y18,1)/(COUNTIF($D18:$Y18,1)+COUNTIF($D18:$Y18,0))),"",COUNTIF($D18:$Y18,1)/(COUNTIF($D18:$Y18,1)+COUNTIF($D18:$Y18,0))*General!$D$7*10) | BE18: =IFERROR(AVERAGE($Z18:$AQ18) * General!$E$7, "") | BF18: =IFERROR(AVERAGE($AR18:$BA18) * General!$F$7, "") | BG18: =IFERROR(AVERAGE($BB18) * General!$G$7, "") | BH18: =IFERROR(AVERAGE($BC18) * General!$H$7, "") | BI18: =SUM(BD18:BH18) -> 0 | BJ18: =IF(ISERROR(COUNTIF($D18:$Y18,1)/(COUNTIF($D18:$Y18,1)+COUNTIF($D18:$Y18,0))),"",COUNTIF($D18:$Y18,1)/(COUNTIF($D18:$Y18,1)+COUNTIF($D18:$Y18,0)))
A19: =IF(General!A20="","",General!A20) -> 11 | B19: =IF(General!B20="","",General!B20) | C19: =IF(General!C20="","",General!C20) | BD19: =IF(ISERROR(COUNTIF($D19:$Y19,1)/(COUNTIF($D19:$Y19,1)+COUNTIF($D19:$Y19,0))),"",COUNTIF($D19:$Y19,1)/(COUNTIF($D19:$Y19,1)+COUNTIF($D19:$Y19,0))*General!$D$7*10) | BE19: =IFERROR(AVERAGE($Z19:$AQ19) * General!$E$7, "") | BF19: =IFERROR(AVERAGE($AR19:$BA19) * General!$F$7, "") | BG19: =IFERROR(AVERAGE($BB19) * General!$G$7, "") | BH19: =IFERROR(AVERAGE($BC19) * General!$H$7, "") | BI19: =SUM(BD19:BH19) -> 0 | BJ19: =IF(ISERROR(COUNTIF($D19:$Y19,1)/(COUNTIF($D19:$Y19,1)+COUNTIF($D19:$Y19,0))),"",COUNTIF($D19:$Y19,1)/(COUNTIF($D19:$Y19,1)+COUNTIF($D19:$Y19,0)))
A20: =IF(General!A21="","",General!A21) -> 12 | B20: =IF(General!B21="","",General!B21) | C20: =IF(General!C21="","",General!C21) | BD20: =IF(ISERROR(COUNTIF($D20:$Y20,1)/(COUNTIF($D20:$Y20,1)+COUNTIF($D20:$Y20,0))),"",COUNTIF($D20:$Y20,1)/(COUNTIF($D20:$Y20,1)+COUNTIF($D20:$Y20,0))*General!$D$7*10) | BE20: =IFERROR(AVERAGE($Z20:$AQ20) * General!$E$7, "") | BF20: =IFERROR(AVERAGE($AR20:$BA20) * General!$F$7, "") | BG20: =IFERROR(AVERAGE($BB20) * General!$G$7, "") | BH20: =IFERROR(AVERAGE($BC20) * General!$H$7, "") | BI20: =SUM(BD20:BH20) -> 0 | BJ20: =IF(ISERROR(COUNTIF($D20:$Y20,1)/(COUNTIF($D20:$Y20,1)+COUNTIF($D20:$Y20,0))),"",COUNTIF($D20:$Y20,1)/(COUNTIF($D20:$Y20,1)+COUNTIF($D20:$Y20,0)))
... A53: =IF(General!A54="","",General!A54) | B53: =IF(General!B54="","",General!B54) | C53: =IF(General!C54="","",General!C54) | BD53: =IF(ISERROR(COUNTIF($D53:$Y53,1)/(COUNTIF($D53:$Y53,1)+COUNTIF($D53:$Y53,0))),"",COUNTIF($D53:$Y53,1)/(COUNTIF($D53:$Y53,1)+COUNTIF($D53:$Y53,0))*General!$D$7*10) | BE53: =IFERROR(AVERAGE($Z53:$AQ53) * General!$E$7, "") | BF53: =IFERROR(AVERAGE($AR53:$BA53) * General!$F$7, "") | BG53: =IFERROR(AVERAGE($BB53) * General!$G$7, "") | BH53: =IFERROR(AVERAGE($BC53) * General!$H$7, "") | BI53: =SUM(BD53:BH53) -> 0 | BJ53: =IF(ISERROR(COUNTIF($D53:$Y53,1)/(COUNTIF($D53:$Y53,1)+COUNTIF($D53:$Y53,0))),"",COUNTIF($D53:$Y53,1)/(COUNTIF($D53:$Y53,1)+COUNTIF($D53:$Y53,0)))
A54: =IF(General!A55="","",General!A55) | B54: =IF(General!B55="","",General!B55) | C54: =IF(General!C55="","",General!C55)
